roi,i2c2_m,i2c2_r,i2c2_diff,i2c2_p,i2c2_m_better,discr_m,discr_r,discr_diff,discr_p,discr_m_better,finger_m,finger_r,finger_diff,finger_p,finger_m_better
1,0.351437668,0.369187041,-0.017749373,0.991972254,0,0.812011553,0.827316948,-0.015305395,0.920264276,0,0.100917431,0.247706422,-0.146788991,0.05367205,0
2,0.286900506,0.325359265,-0.038458759,0.989002522,0,0.901796382,0.813353388,0.088442994,0.010061947,1,0.366972477,0.229357798,0.137614679,0.117290526,0
3,0.354525304,0.342237166,0.012288138,1,0,0.862849889,0.828917051,0.033932838,0.644213272,0,0.339449541,0.348623853,-0.009174312,0.991112464,0
4,0.335646798,0.379839046,-0.044192248,0.988031355,0,0.859671019,0.817438983,0.042232036,0.437880357,0,0.256880734,0.28440367,-0.027522936,0.94456275,0
5,0.349957854,0.347003008,0.002954847,1,0,0.894393241,0.806163594,0.088229647,0.008662857,1,0.403669725,0.339449541,0.064220183,0.765280226,0
6,0.388823044,0.392502472,-0.003679428,1,0,0.935163948,0.821129886,0.114034063,0,1,0.642201835,0.339449541,0.302752294,0,1
7,0.49596981,0.388735638,0.107234173,0.798285315,0,0.909860262,0.731683231,0.17817703,0,1,0.330275229,0.110091743,0.220183486,0,1
8,0.236147537,0.384388146,-0.148240609,0.788044364,0,0.748122547,0.748640843,-0.000518296,1,0,0.073394495,0.128440367,-0.055045872,0.651982432,0
9,0.277211487,0.363850581,-0.086639093,0.880513953,0,0.759163253,0.789245178,-0.030081925,0.7210475,0,0.073394495,0.165137615,-0.091743119,0.210345,0
10,0.510817379,0.45591385,0.054903529,0.890267723,0,0.946716786,0.898817108,0.047899677,0.111836066,0,0.577981651,0.467889908,0.110091743,0.334869863,0
11,0.596910575,0.463026446,0.133884129,0.373169231,0,0.972519538,0.907672868,0.06484667,0.006822,1,0.614678899,0.431192661,0.183486239,0.048103846,1
12,0.540815881,0.402197214,0.138618667,0.621595755,0,0.965256541,0.908182552,0.057073989,0.013265,1,0.688073394,0.504587156,0.183486239,0.027811511,1
13,0.335176064,0.280238225,0.054937839,0.941922264,0,0.888707544,0.794813535,0.093894009,0.016242857,1,0.348623853,0.293577982,0.055045872,0.750153516,0
14,0.319320551,0.294292694,0.025027857,0.989002522,0,0.842231566,0.829362046,0.012869521,0.941045839,0,0.275229358,0.293577982,-0.018348624,0.989002522,0
15,0.427463449,0.354855701,0.072607748,0.823063823,0,0.956241505,0.910019538,0.046221967,0.078003488,0,0.605504587,0.495412844,0.110091743,0.387449045,0
16,0.376998345,0.283290442,0.093707902,0.797118214,0,0.898615358,0.822815327,0.075800032,0.045178808,1,0.403669725,0.275229358,0.128440367,0.274113953,0
17,0.427336595,0.412165163,0.015171432,0.989002522,0,0.934038396,0.900782983,0.033255413,0.394732075,0,0.596330275,0.449541284,0.146788991,0.141713043,0
18,0.476991505,0.400718803,0.076272701,0.874906042,0,0.949307679,0.804904847,0.144402832,0,1,0.642201835,0.174311927,0.467889908,0,1
19,0.35897343,0.325521463,0.033451967,0.989002522,0,0.925617992,0.812181448,0.113436544,0,1,0.651376147,0.376146789,0.275229358,0,1
20,0.466373667,0.410116519,0.056257148,0.95294041,0,0.935185185,0.819635576,0.115549609,0,1,0.577981651,0.302752294,0.275229358,0,1
21,0.480568297,0.396687781,0.083880516,0.873078182,0,0.941970353,0.822537976,0.119432378,0,1,0.541284404,0.293577982,0.247706422,0,1
22,0.419560038,0.352717301,0.066842738,0.932280315,0,0.930491845,0.777063065,0.15342878,0,1,0.458715596,0.165137615,0.293577982,0,1
23,0.237591271,0.314249632,-0.076658361,0.927633065,0,0.877122803,0.76911589,0.108006912,0,1,0.28440367,0.256880734,0.027522936,0.93234,0
24,0.251549539,0.350656419,-0.09910688,0.851218384,0,0.644883939,0.684886499,-0.04000256,0.56420403,0,0.027522936,0.036697248,-0.009174312,0.906388136,0
25,0.575725104,0.429744567,0.145980537,0.303747292,0,0.969440197,0.888124363,0.081315834,0,1,0.733944954,0.467889908,0.266055046,0,1
26,0.298534275,0.269943565,0.028590711,0.989002522,0,0.913509131,0.886372324,0.027136807,0.614579856,0,0.541284404,0.385321101,0.155963303,0.056148148,0
27,0.305939122,0.39901771,-0.093078587,0.880513953,0,0.931910309,0.871134896,0.060775413,0.112477419,0,0.467889908,0.412844037,0.055045872,0.763444991,0
28,0.404940884,0.348493717,0.056447166,0.941922264,0,0.968958013,0.854676351,0.114281663,0,1,0.688073394,0.440366972,0.247706422,0,1
29,0.379140591,0.362686172,0.016454419,0.990688372,0,0.93681729,0.890332994,0.046484296,0.185777679,0,0.504587156,0.550458716,-0.04587156,0.846433333,0
30,0.29773259,0.308635203,-0.010902613,1,0,0.918535508,0.883213859,0.035321649,0.495744598,0,0.532110092,0.495412844,0.036697248,0.93234,0
31,0.290796394,0.327625402,-0.036829008,0.988031355,0,0.8682369,0.844833078,0.023403822,0.798285315,0,0.321100917,0.376146789,-0.055045872,0.765280226,0
32,0.364752328,0.314715413,0.050036915,0.932280315,0,0.904868578,0.869676993,0.035191586,0.56420403,0,0.348623853,0.385321101,-0.036697248,0.927633065,0
33,0.360366384,0.325936563,0.034429821,0.974646977,0,0.88472647,0.876486578,0.008239891,0.975881336,0,0.339449541,0.467889908,-0.128440367,0.313876056,0
34,0.301604333,0.294023585,0.007580749,1,0,0.89005163,0.864753228,0.025298402,0.750153516,0,0.348623853,0.431192661,-0.082568807,0.657328125,0
35,0.284526656,0.308854095,-0.024327439,0.989002522,0,0.903521067,0.876157407,0.02736366,0.700074236,0,0.412844037,0.458715596,-0.04587156,0.89457069,0
36,0.249653281,0.404985926,-0.155332645,0.750153516,0,0.639294248,0.68958121,-0.050286961,0.349438,0,0.036697248,0.036697248,0,1,0
37,0.313952209,0.404522137,-0.090569928,0.919706667,0,0.847680918,0.813854753,0.033826165,0.621308531,0,0.183486239,0.275229358,-0.091743119,0.413262539,0
38,0.325904161,0.439843954,-0.113939793,0.846794286,0,0.921701656,0.877782025,0.04391963,0.306949823,0,0.467889908,0.449541284,0.018348624,0.989002522,0
39,0.29874244,0.307720193,-0.008977753,1,0,0.784764892,0.73603644,0.048728452,0.34978804,0,0.082568807,0.165137615,-0.082568807,0.253569048,0
40,0.283918533,0.354237611,-0.070319078,0.944954478,0,0.750096006,0.739264781,0.010831225,0.95294041,0,0.073394495,0.100917431,-0.027522936,0.866787037,0
41,0.246359263,0.387061342,-0.140702079,0.798285315,0,0.746927803,0.744591654,0.00233615,1,0,0.091743119,0.082568807,0.009174312,0.989002522,0
42,0.383223615,0.258608436,0.12461518,0.798285315,0,0.885788311,0.824308756,0.061479555,0.136664039,0,0.28440367,0.348623853,-0.064220183,0.651982432,0
43,0.238752899,0.35439761,-0.11564471,0.788044364,0,0.8760454,0.832696228,0.043349172,0.439954896,0,0.357798165,0.366972477,-0.009174312,0.989002522,0
44,0.306214792,0.300389615,0.005825177,1,0,0.908278118,0.891491722,0.016786395,0.844521711,0,0.403669725,0.47706422,-0.073394495,0.540374211,0
45,0.266351971,0.299789786,-0.033437816,0.989002522,0,0.926405957,0.886945719,0.039460238,0.365017476,0,0.513761468,0.504587156,0.009174312,0.989002522,0
46,0.406370045,0.293855166,0.112514879,0.685238753,0,0.932679239,0.880033129,0.052646109,0.11246413,0,0.449541284,0.431192661,0.018348624,0.988872402,0
47,0.328896834,0.278634532,0.050262302,0.960550472,0,0.882613405,0.834570746,0.048042659,0.306949823,0,0.23853211,0.366972477,-0.128440367,0.289023664,0
48,0.468554257,0.403556839,0.064997418,0.887942857,0,0.942777353,0.877634835,0.065142518,0,1,0.504587156,0.458715596,0.04587156,0.840179208,0
49,0.320005119,0.287815424,0.032189695,0.989002522,0,0.901935057,0.843051289,0.058883769,0.116740107,0,0.366972477,0.302752294,0.064220183,0.695664474,0
50,0.398116523,0.383472556,0.014643967,0.99147278,0,0.952556915,0.892355777,0.060201137,0.041206711,1,0.642201835,0.486238532,0.155963303,0.126333333,0
51,0.311212785,0.34563525,-0.034422465,0.989002522,0,0.745722393,0.734730717,0.010991676,0.960550472,0,0.055045872,0.100917431,-0.04587156,0.713033898,0
52,0.329751226,0.362620593,-0.032869367,0.989002522,0,0.808507475,0.771324031,0.037183444,0.564138107,0,0.229357798,0.201834862,0.027522936,0.93234,0
53,0.242514572,0.353494902,-0.11098033,0.857592114,0,0.720632787,0.740751359,-0.020118572,0.866168012,0,0.064220183,0.082568807,-0.018348624,0.960550472,0
54,0.296065504,0.351051418,-0.054985914,0.94456275,0,0.765853296,0.744612989,0.021240307,0.82662973,0,0.073394495,0.073394495,0,1,0
55,0.248702241,0.386740727,-0.138038486,0.798285315,0,0.753733572,0.754917648,-0.001184076,1,0,0.110091743,0.100917431,0.009174312,0.989002522,0
56,0.344937821,0.379290351,-0.034352529,0.989002522,0,0.878072197,0.818964414,0.059107783,0.175003687,0,0.256880734,0.256880734,0,1,0
57,0.327440524,0.382747611,-0.055307086,0.975881336,0,0.888131507,0.842059225,0.046072282,0.36295114,0,0.302752294,0.321100917,-0.018348624,0.988031355,0
58,0.390962438,0.342128834,0.048833604,0.960550472,0,0.814315749,0.785372931,0.028942819,0.736119588,0,0.146788991,0.183486239,-0.036697248,0.763444991,0
59,0.395310854,0.383703995,0.011606859,0.996591946,0,0.816609327,0.827418875,-0.010809548,0.95294041,0,0.155963303,0.256880734,-0.100917431,0.289023664,0
60,0.295355686,0.369172881,-0.073817195,0.880513953,0,0.852075866,0.852587899,-0.000512033,1,0,0.256880734,0.376146789,-0.119266055,0.231082591,0
61,0.246617731,0.327555052,-0.080937321,0.846794286,0,0.823320166,0.861610177,-0.03829001,0.456129825,0,0.183486239,0.311926606,-0.128440367,0.120180311,0
62,0.286097411,0.304612578,-0.018515167,0.989002522,0,0.914127838,0.919280167,-0.00515233,0.989002522,0,0.412844037,0.559633028,-0.146788991,0.210345,0
63,0.317391549,0.38323597,-0.065844421,0.90704135,0,0.935121475,0.921636086,0.013485389,0.895367283,0,0.623853211,0.596330275,0.027522936,0.95294041,0
64,0.348468781,0.361829378,-0.013360596,0.989002522,0,0.90920192,0.89223369,0.01696823,0.829837437,0,0.412844037,0.403669725,0.009174312,0.989002522,0
65,0.250169514,0.258159423,-0.007989909,0.999693714,0,0.770779997,0.743716931,0.027063065,0.750153516,0,0.082568807,0.128440367,-0.04587156,0.621308531,0
66,0.224484616,0.303007534,-0.078522918,0.862343438,0,0.876845451,0.862820676,0.014024775,0.880513953,0,0.266055046,0.339449541,-0.073394495,0.56420403,0
67,0.44573881,0.309849607,0.135889202,0.518545553,0,0.962920489,0.933252633,0.029667856,0.458105233,0,0.752293578,0.669724771,0.082568807,0.456129825,0
68,0.440446548,0.367086151,0.073360397,0.845585597,0,0.963769963,0.92811332,0.035656643,0.342256271,0,0.678899083,0.678899083,0,1,0
69,0.335826453,0.34168313,-0.005856676,1,0,0.946079681,0.944964747,0.001114934,1,0,0.76146789,0.688073394,0.073394495,0.610794203,0
70,0.381201708,0.257492218,0.12370949,0.692718502,0,0.938094631,0.904264356,0.033830275,0.393632278,0,0.642201835,0.541284404,0.100917431,0.387662857,0
71,0.329813933,0.328835937,0.000977996,1,0,0.94011213,0.935718553,0.004393578,0.989002522,0,0.633027523,0.623853211,0.009174312,0.995968269,0
72,0.389834767,0.274370288,0.11546448,0.518545553,0,0.94120157,0.913221113,0.027980457,0.550485195,0,0.532110092,0.449541284,0.082568807,0.639463573,0
73,0.449861629,0.45154095,-0.001679321,1,0,0.968357119,0.943446313,0.024910805,0.478391931,0,0.80733945,0.660550459,0.146788991,0.05258625,0
74,0.53082707,0.393475414,0.137351656,0.530802674,0,0.948659956,0.925989636,0.022670319,0.651982432,0,0.724770642,0.550458716,0.174311927,0.022227068,1
75,0.451081069,0.312578496,0.138502574,0.586335294,0,0.954850493,0.924699181,0.030151312,0.447399408,0,0.76146789,0.596330275,0.165137615,0.046947097,1
76,0.386090585,0.217457307,0.168633278,0.437880357,0,0.939390078,0.887630142,0.051759936,0.138658537,0,0.596330275,0.449541284,0.146788991,0.175244037,0
77,0.317855962,0.340015786,-0.022159825,0.978887973,0,0.911325603,0.914010497,-0.002684894,0.989002522,0,0.449541284,0.504587156,-0.055045872,0.798285315,0
78,0.53618612,0.402428736,0.133757384,0.522041935,0,0.952960415,0.929939687,0.023020727,0.540374211,0,0.614678899,0.577981651,0.036697248,0.922043228,0
79,0.555014355,0.420585625,0.13442873,0.621595755,0,0.963430173,0.891915138,0.071515036,0.010061947,1,0.678899083,0.47706422,0.201834862,0.013265,1
80,0.576426826,0.475033231,0.101393595,0.657216592,0,0.956114084,0.897150017,0.058964067,0.027811511,1,0.587155963,0.449541284,0.137614679,0.151954206,0
81,0.500226766,0.351450959,0.148775807,0.527348525,0,0.959756201,0.889228678,0.070527523,0.004787368,1,0.706422018,0.486238532,0.220183486,0,1
82,0.457965616,0.417065406,0.04090021,0.95294041,0,0.950358902,0.944306405,0.006052497,0.974646977,0,0.660550459,0.605504587,0.055045872,0.825922998,0
83,0.356593291,0.387083214,-0.030489923,0.989002522,0,0.953223673,0.937393816,0.015829857,0.793847653,0,0.623853211,0.605504587,0.018348624,0.989002522,0
84,0.327740486,0.334165516,-0.00642503,1,0,0.944656813,0.941980972,0.002675841,0.989002522,0,0.651376147,0.743119266,-0.091743119,0.4548,0
85,0.343257912,0.416692636,-0.073434724,0.799238342,0,0.92421915,0.945293918,-0.021074768,0.691737748,0,0.568807339,0.568807339,0,1,0
86,0.280703361,0.333070671,-0.05236731,0.932280315,0,0.940791709,0.931702345,0.009089365,0.941045839,0,0.559633028,0.633027523,-0.073394495,0.64697631,0
87,0.327438394,0.279792807,0.047645587,0.941045839,0,0.93733999,0.90920192,0.02813807,0.644213272,0,0.623853211,0.614678899,0.009174312,0.989002522,0
88,0.288767913,0.242543776,0.046224137,0.920264276,0,0.689804147,0.650654975,0.039149172,0.206291139,0,0.04587156,0.04587156,0,1,0
89,0.295664003,0.315619392,-0.019955389,0.989002522,0,0.869627081,0.864912504,0.004714577,0.989002522,0,0.229357798,0.266055046,-0.036697248,0.862417161,0
90,0.438676684,0.261311093,0.177365592,0.303747292,0,0.760183062,0.735543124,0.024639937,0.705333766,0,0.064220183,0.082568807,-0.018348624,0.960550472,0
91,0.303950578,0.31939984,-0.015449262,0.989002522,0,0.880461683,0.875244224,0.005217459,0.989002522,0,0.266055046,0.321100917,-0.055045872,0.750153516,0
92,0.311845038,0.347312885,-0.035467847,0.974533566,0,0.79813108,0.787837088,0.010293992,0.941922264,0,0.155963303,0.100917431,0.055045872,0.32215,0
93,0.226750227,0.295914318,-0.069164091,0.941922264,0,0.516534392,0.507520481,0.00901391,0.77426306,0,0,0,0,1,0
94,0.204436446,0.259946304,-0.055509858,0.932280315,0,0.780145685,0.727833248,0.052312437,0.112477419,0,0.100917431,0.055045872,0.04587156,0.705333766,0
95,0.451718695,0.439159877,0.012558819,1,0,0.954215736,0.889961349,0.064254388,0.002584091,1,0.577981651,0.458715596,0.119266055,0.206291139,0
96,0.345326714,0.356621284,-0.01129457,0.998912488,0,0.920404349,0.892159361,0.028244988,0.60676707,0,0.422018349,0.47706422,-0.055045872,0.790348644,0
97,0.414523896,0.384064068,0.030459828,0.987817312,0,0.948744903,0.915381838,0.033363065,0.406326019,0,0.623853211,0.587155963,0.036697248,0.925622764,0
98,0.372351274,0.34506047,0.027290804,0.975881336,0,0.946183222,0.910874296,0.035308926,0.349438,0,0.403669725,0.458715596,-0.055045872,0.763444991,0
99,0.267758484,0.356920308,-0.089161824,0.82662973,0,0.813726745,0.826175542,-0.012448797,0.9504369,0,0.165137615,0.220183486,-0.055045872,0.706980769,0
100,0.275111534,0.317241934,-0.0421304,0.988031355,0,0.820137822,0.795112221,0.025025602,0.750153516,0,0.110091743,0.165137615,-0.055045872,0.613870673,0
101,0.315435506,0.296486081,0.018949425,0.989002522,0,0.788978495,0.752080133,0.036898361,0.552928682,0,0.128440367,0.137614679,-0.009174312,0.989002522,0
102,0.292878041,0.332338568,-0.039460527,0.989002522,0,0.719843403,0.701314217,0.018529186,0.880513953,0,0.036697248,0.073394495,-0.036697248,0.627347073,0
103,0.363991034,0.357518471,0.006472564,1,0,0.726883854,0.711083503,0.015800351,0.917211715,0,0.04587156,0.091743119,-0.04587156,0.750464327,0
104,0.304223091,0.326036052,-0.021812961,0.989002522,0,0.783836832,0.744828831,0.039008001,0.500903014,0,0.064220183,0.119266055,-0.055045872,0.482344225,0
105,0.355240835,0.28164033,0.073600505,0.880513953,0,0.871633962,0.796487428,0.075146534,0.026752941,1,0.201834862,0.19266055,0.009174312,0.989002522,0
106,0.22448113,0.461465661,-0.236984531,0.541343307,0,0.766406383,0.777862725,-0.011456342,0.950615706,0,0.073394495,0.183486239,-0.110091743,0.140193204,0
107,0.282356125,0.289571563,-0.007215439,1,0,0.805224868,0.699383427,0.105841441,0,1,0.137614679,0.018348624,0.119266055,0.034502069,1
108,0.307051528,0.366392724,-0.059341196,0.935127484,0,0.891893901,0.895417307,-0.003523406,0.989002522,0,0.394495413,0.550458716,-0.155963303,0.062396341,0
109,0.287467426,0.298807989,-0.011340563,1,0,0.841664533,0.837081634,0.004582899,0.989002522,0,0.23853211,0.385321101,-0.146788991,0.051486792,0
110,0.302699895,0.355120811,-0.052420916,0.963577438,0,0.581306537,0.595867469,-0.014560932,0.867553775,0,0,0,0,1,0
111,0.225374577,0.27685286,-0.051478283,0.95294041,0,0.848587643,0.854358679,-0.005771036,0.989002522,0,0.275229358,0.293577982,-0.018348624,0.989002522,0
112,0.220177274,0.237347722,-0.017170448,0.989002522,0,0.681046254,0.692342977,-0.011296723,0.932280315,0,0.018348624,0.04587156,-0.027522936,0.620872554,0
113,0.244933712,0.324326813,-0.079393101,0.880513953,0,0.811027906,0.808627752,0.002400154,1,0,0.155963303,0.220183486,-0.064220183,0.57970197,0
114,0.234194021,0.344968195,-0.110774174,0.833546488,0,0.759483274,0.765672783,-0.006189509,0.989002522,0,0.119266055,0.137614679,-0.018348624,0.989002522,0
115,0.269643543,0.36857041,-0.098926866,0.846794286,0,0.790482591,0.780668629,0.009813961,0.975881336,0,0.091743119,0.137614679,-0.04587156,0.763444991,0
116,0.306230541,0.366748567,-0.060518026,0.950615706,0,0.869446568,0.842133897,0.027312672,0.750153516,0,0.302752294,0.311926606,-0.009174312,0.989002522,0
117,0.29448503,0.339522124,-0.045037095,0.989002522,0,0.916026626,0.860728848,0.055297778,0.151954206,0,0.394495413,0.458715596,-0.064220183,0.75240699,0
118,0.2144167,0.388797271,-0.174380572,0.767261278,0,0.64588667,0.658766565,-0.012879895,0.895367283,0,0.009174312,0.036697248,-0.027522936,0.303747292,0
119,0.362720015,0.367857996,-0.005137981,1,0,0.715245776,0.722254077,-0.007008302,0.975881336,0,0.009174312,0.091743119,-0.082568807,0.119057592,0
120,0.310971688,0.349972239,-0.039000552,0.989002522,0,0.66504844,0.672517414,-0.007468975,0.963577438,0,0,0.018348624,-0.018348624,0.349438,0
121,0.301983627,0.378944945,-0.076961318,0.920264276,0,0.811006571,0.783851512,0.027155059,0.775686667,0,0.119266055,0.23853211,-0.119266055,0.151954206,0
122,0.324457203,0.434033455,-0.109576253,0.942738693,0,0.71864866,0.667855929,0.050792731,0.088361143,0,0.04587156,0.018348624,0.027522936,0.559708763,0
123,0.221597645,0.374476828,-0.152879183,0.873078182,0,0.857490231,0.736527138,0.120963093,0,1,0.275229358,0.055045872,0.220183486,0,1
124,0.2771393,0.277444714,-0.000305414,1,0,0.764016897,0.693591056,0.070425841,0.076245882,0,0.055045872,0.036697248,0.018348624,0.880513953,0
125,0.329444591,0.347151849,-0.017707258,0.989002522,0,0.91765873,0.781639358,0.136019372,0,1,0.412844037,0.119266055,0.293577982,0,1
126,0.36487949,0.289582531,0.075296958,0.859185849,0,0.843930513,0.805130819,0.038799694,0.40932,0,0.155963303,0.28440367,-0.128440367,0.151954206,0
127,0.426626228,0.402150819,0.02447541,0.989002522,0,0.886775824,0.817076538,0.069699286,0.010061947,1,0.321100917,0.201834862,0.119266055,0.216216393,0
128,0.359374136,0.317847208,0.041526928,0.989002522,0,0.943100358,0.799248216,0.143852142,0,1,0.596330275,0.211009174,0.385321101,0,1
129,0.332951917,0.335032968,-0.002081052,1,0,0.936198583,0.833557348,0.102641236,0,1,0.504587156,0.256880734,0.247706422,0.002584091,1
130,0.374152239,0.33154674,0.042605498,0.960550472,0,0.937415053,0.874882659,0.062532394,0.017765625,1,0.495412844,0.403669725,0.091743119,0.418527607,0
131,0.207437886,0.364571063,-0.157133178,0.788044364,0,0.836010838,0.761627411,0.074383427,0.004787368,1,0.201834862,0.155963303,0.04587156,0.778343382,0
132,0.289063724,0.303754401,-0.014690678,0.989002522,0,0.855037377,0.830805172,0.024232205,0.750153516,0,0.28440367,0.293577982,-0.009174312,0.989002522,0
133,0.409858671,0.358896505,0.050962166,0.93234,0,0.913098879,0.88479018,0.028308699,0.56420403,0,0.394495413,0.403669725,-0.009174312,0.989002522,0
134,0.393655988,0.370690546,0.022965441,0.989002522,0,0.660953959,0.642732756,0.018221203,0.750153516,0,0.036697248,0.018348624,0.018348624,0.7210475,0
135,0.383755208,0.388898258,-0.00514305,1,0,0.834904859,0.70433019,0.130574669,0,1,0.165137615,0.04587156,0.119266055,0.039948649,1
136,0.464115819,0.370321847,0.093793972,0.839456716,0,0.901535423,0.812841355,0.088694068,0,1,0.23853211,0.23853211,0,1,0
137,0.542932713,0.466329495,0.076603218,0.756685549,0,0.973814985,0.918673547,0.055141437,0.008662857,1,0.669724771,0.550458716,0.119266055,0.196750435,0
138,0.417892535,0.344788319,0.073104216,0.934016818,0,0.94474176,0.831306537,0.113435223,0,1,0.577981651,0.330275229,0.247706422,0,1
139,0.508422174,0.35735935,0.151062824,0.579194554,0,0.951346415,0.842316514,0.109029901,0,1,0.577981651,0.348623853,0.229357798,0.002584091,1
140,0.510604146,0.375919346,0.1346848,0.533607937,0,0.965681278,0.882475365,0.083205912,0,1,0.614678899,0.47706422,0.137614679,0.1845713,0
141,0.377614267,0.375732253,0.001882014,1,0,0.94836264,0.869266055,0.079096585,0.010061947,1,0.577981651,0.467889908,0.110091743,0.302348315,0
142,0.506100243,0.393168066,0.112932177,0.644213272,0,0.946143391,0.870561502,0.075581889,0.010061947,1,0.550458716,0.47706422,0.073394495,0.7210475,0
143,0.436830175,0.420423574,0.016406602,0.989002522,0,0.965851172,0.906526079,0.059325093,0.029237143,1,0.743119266,0.605504587,0.137614679,0.126333333,0
144,0.39342213,0.41769179,-0.02426966,0.989002522,0,0.952110941,0.915764101,0.03634684,0.294586364,0,0.577981651,0.596330275,-0.018348624,0.989002522,0
145,0.41708746,0.463410675,-0.046323215,0.955353976,0,0.962612555,0.918758495,0.04385406,0.136214851,0,0.678899083,0.559633028,0.119266055,0.197867532,0
146,0.408339308,0.436059738,-0.02772043,0.989002522,0,0.959873004,0.888315494,0.071557509,0.011762069,1,0.660550459,0.504587156,0.155963303,0.093259551,0
147,0.268539822,0.404308698,-0.135768876,0.750153516,0,0.880149932,0.862810058,0.017339874,0.880513953,0,0.311926606,0.376146789,-0.064220183,0.759454894,0
148,0.453040534,0.386916614,0.06612392,0.846794286,0,0.963791199,0.934165817,0.029625382,0.306949823,0,0.623853211,0.633027523,-0.009174312,0.989002522,0
149,0.343021765,0.375366416,-0.032344651,0.960550472,0,0.956156558,0.937160211,0.018996347,0.74557377,0,0.71559633,0.660550459,0.055045872,0.74557377,0
150,0.363421771,0.420969521,-0.057547749,0.932280315,0,0.969768732,0.922634217,0.047134515,0.077129825,0,0.770642202,0.605504587,0.165137615,0.046377632,1
151,0.344903289,0.352101313,-0.007198024,1,0,0.959122717,0.915795957,0.043326761,0.179852727,0,0.660550459,0.633027523,0.027522936,0.941922264,0
152,0.398563194,0.278124212,0.120438982,0.698620569,0,0.870869436,0.813652074,0.057217362,0.12798392,0,0.266055046,0.293577982,-0.027522936,0.932280315,0
153,0.421663973,0.385763121,0.035900852,0.989002522,0,0.853901206,0.779221882,0.074679324,0.067124096,0,0.19266055,0.201834862,-0.009174312,0.989002522,0
154,0.483354903,0.266078886,0.217276016,0.2419536,0,0.900367397,0.740954088,0.159413309,0,1,0.311926606,0.128440367,0.183486239,0.015034711,1
155,0.323516688,0.293743424,0.029773264,0.989002522,0,0.868908944,0.82155658,0.047352364,0.302917164,0,0.247706422,0.23853211,0.009174312,0.989002522,0
156,0.402656364,0.340026674,0.06262969,0.922043228,0,0.933964067,0.78207672,0.151887348,0,1,0.357798165,0.19266055,0.165137615,0.051486792,0
157,0.366423757,0.352627184,0.013796573,0.998912488,0,0.920912272,0.829834443,0.091077829,0.002584091,1,0.458715596,0.28440367,0.174311927,0.027811511,1
158,0.29202832,0.372549033,-0.080520713,0.895367283,0,0.933358818,0.840512459,0.092846358,0.002584091,1,0.568807339,0.339449541,0.229357798,0.008662857,1
159,0.389551279,0.316831223,0.072720056,0.9238125,0,0.943057689,0.812926694,0.130130995,0,1,0.541284404,0.28440367,0.256880734,0.004787368,1
160,0.470712725,0.360854901,0.109857824,0.799238342,0,0.867142372,0.765424987,0.101717385,0.002584091,1,0.293577982,0.165137615,0.128440367,0.176520548,0
161,0.259209756,0.321248566,-0.06203881,0.945254074,0,0.920069551,0.866399083,0.053670469,0.182125792,0,0.47706422,0.376146789,0.100917431,0.418416,0
162,0.292556495,0.372837499,-0.080281004,0.873078182,0,0.897934801,0.884662759,0.013272042,0.895367283,0,0.412844037,0.366972477,0.04587156,0.869142331,0
163,0.44781838,0.37761255,0.07020583,0.923522449,0,0.912737853,0.782343697,0.130394156,0,1,0.467889908,0.146788991,0.321100917,0,1
164,0.239975997,0.23413364,0.005842357,1,0,0.515616999,0.50529859,0.01031841,0.917211715,0,0.018348624,0.009174312,0.009174312,0,1
165,0.232221132,0.218277017,0.013944115,0.99632219,0,0.524114424,0.55332608,-0.029211655,0.518545553,0,0.009174312,0.018348624,-0.009174312,0.002584091,-1
166,0.318400043,0.369512861,-0.051112817,0.932280315,0,0.516490401,0.53839179,-0.021901389,0.571328358,0,0.009174312,0,0.009174312,0.499400552,0
167,0.271892605,0.395368587,-0.123475982,0.839456716,0,0.75297619,0.781020652,-0.028044462,0.75240699,0,0.100917431,0.128440367,-0.027522936,0.91119467,0
168,0.212535858,0.358484982,-0.145949124,0.798285315,0,0.672032343,0.698670574,-0.026638231,0.798285315,0,0.036697248,0.064220183,-0.027522936,0.689274667,0
169,0.334464281,0.410462884,-0.075998603,0.895367283,0,0.925925926,0.903669725,0.022256201,0.756685549,0,0.541284404,0.486238532,0.055045872,0.816998969,0
170,0.297963056,0.388315503,-0.090352447,0.797118214,0,0.932296976,0.922251954,0.010045022,0.941045839,0,0.449541284,0.422018349,0.027522936,0.948246798,0
171,0.380723573,0.483302301,-0.102578728,0.570484788,0,0.922846585,0.933815409,-0.010968824,0.920264276,0,0.504587156,0.605504587,-0.100917431,0.482344225,0
172,0.331414436,0.36989413,-0.038479695,0.989002522,0,0.819805471,0.726012997,0.093792474,0,1,0.211009174,0.064220183,0.146788991,0.019241538,1
173,0.285330531,0.273425289,0.011905243,0.998912488,0,0.741050094,0.688833419,0.052216675,0.259503529,0,0.027522936,0.027522936,0,1,0
174,0.278164382,0.309603086,-0.031438705,0.989002522,0,0.637939495,0.662950221,-0.025010726,0.797118214,0,0.009174312,0.027522936,-0.018348624,0.728058212,0
175,0.28150216,0.347740724,-0.066238564,0.934016818,0,0.889058784,0.735219164,0.153839619,0,1,0.256880734,0.073394495,0.183486239,0.006822,1
176,0.298265462,0.280521682,0.01774378,0.989002522,0,0.920988362,0.84666752,0.074320842,0.010061947,1,0.467889908,0.385321101,0.082568807,0.565643216,0
177,0.448808571,0.326890482,0.121918089,0.56420403,0,0.74525303,0.740429955,0.004823074,0.989002522,0,0.064220183,0.128440367,-0.064220183,0.437676506,0
178,0.256722879,0.372652638,-0.115929759,0.797118214,0,0.765190306,0.705084098,0.060106208,0.076245882,0,0.100917431,0.036697248,0.064220183,0.305926619,0
179,0.280618092,0.328482514,-0.047864422,0.932280315,0,0.876376088,0.881112391,-0.004736303,0.989002522,0,0.339449541,0.504587156,-0.165137615,0.089151136,0
180,0.319054586,0.298494829,0.020559757,0.989002522,0,0.846988617,0.860908431,-0.013919814,0.919706667,0,0.266055046,0.330275229,-0.064220183,0.691737748,0
181,0.350556248,0.369354086,-0.018797838,0.991112464,0,0.803976788,0.809747824,-0.005771036,0.989002522,0,0.128440367,0.201834862,-0.073394495,0.482344225,0
182,0.400705296,0.314051607,0.086653689,0.846794286,0,0.888634047,0.789533197,0.09910085,0,1,0.302752294,0.19266055,0.110091743,0.325080412,0
183,0.335975017,0.361124165,-0.025149148,0.989002522,0,0.894435911,0.829471753,0.064964158,0.088361143,0,0.330275229,0.28440367,0.04587156,0.853199052,0
184,0.326221045,0.369646881,-0.043425836,0.987817312,0,0.842955282,0.817353644,0.025601639,0.763444991,0,0.23853211,0.266055046,-0.027522936,0.941045839,0
185,0.346145325,0.324886758,0.021258567,0.989002522,0,0.893113159,0.816436252,0.076676907,0.032028169,1,0.357798165,0.275229358,0.082568807,0.60547335,0
186,0.359408835,0.369532484,-0.010123649,1,0,0.934545144,0.819252432,0.115292712,0,1,0.623853211,0.256880734,0.366972477,0,1
187,0.421597615,0.375808858,0.045788758,0.964047887,0,0.892594716,0.723284064,0.169310652,0,1,0.366972477,0.155963303,0.211009174,0.002584091,1
188,0.253413275,0.362034221,-0.108620946,0.880513953,0,0.748314559,0.752506827,-0.004192268,0.989002522,0,0.091743119,0.128440367,-0.036697248,0.763444991,0
189,0.281529039,0.3753277,-0.093798661,0.846794286,0,0.779292541,0.779115698,0.000176843,1,0,0.119266055,0.165137615,-0.04587156,0.763444991,0
190,0.501253869,0.422047903,0.079205966,0.846794286,0,0.956082229,0.882284234,0.073797995,0.004787368,1,0.660550459,0.449541284,0.211009174,0.016242857,1
191,0.509582792,0.397880018,0.111702774,0.547422454,0,0.953990401,0.913311247,0.040679154,0.151954206,0,0.577981651,0.495412844,0.082568807,0.60676707,0
192,0.503625436,0.441466272,0.062159164,0.880513953,0,0.970686124,0.916942745,0.053743378,0.020672727,1,0.76146789,0.550458716,0.211009174,0,1
193,0.376985092,0.30763978,0.069345311,0.921782143,0,0.880309208,0.812201314,0.068107894,0.097820112,0,0.412844037,0.311926606,0.100917431,0.433373252,0
194,0.278052475,0.32459399,-0.046541515,0.960550472,0,0.84562212,0.845470183,0.000151936,1,0,0.229357798,0.293577982,-0.064220183,0.706980769,0
195,0.422980749,0.374193112,0.048787637,0.90704135,0,0.956071855,0.902246857,0.053824998,0.074446429,0,0.568807339,0.541284404,0.027522936,0.944954478,0
196,0.353378008,0.330538989,0.022839019,0.989002522,0,0.912602407,0.837824287,0.074778119,0.04924586,1,0.412844037,0.28440367,0.128440367,0.216216393,0
197,0.357094517,0.388425944,-0.031331426,0.989002522,0,0.918896534,0.873058542,0.045837992,0.234706024,0,0.504587156,0.394495413,0.110091743,0.354893115,0
198,0.343041738,0.355533688,-0.01249195,1,0,0.942620328,0.799667179,0.142953149,0,1,0.633027523,0.174311927,0.458715596,0,1
199,0.337869799,0.341359655,-0.003489857,1,0,0.925573903,0.833621352,0.091952552,0.010061947,1,0.532110092,0.321100917,0.211009174,0.004787368,1
200,0.340930947,0.303140384,0.037790563,0.989002522,0,0.931872239,0.812329322,0.119542917,0,1,0.467889908,0.28440367,0.183486239,0.039948649,1
201,0.384290542,0.352580784,0.031709757,0.988031355,0,0.922241335,0.795602919,0.126638417,0,1,0.366972477,0.146788991,0.220183486,0.013265,1
202,0.316639876,0.39923005,-0.082590174,0.866787037,0,0.916005291,0.795389572,0.120615719,0,1,0.394495413,0.110091743,0.28440367,0,1
203,0.354290813,0.292305513,0.0619853,0.925622764,0,0.893507851,0.772998805,0.120509046,0,1,0.311926606,0.146788991,0.165137615,0.046947097,1
204,0.283686655,0.32069545,-0.037008795,0.988031355,0,0.696204557,0.720590118,-0.024385561,0.839456716,0,0.027522936,0.064220183,-0.036697248,0.483544382,0
205,0.470188699,0.351451032,0.118737668,0.613870673,0,0.955487598,0.910911485,0.044576113,0.117290526,0,0.52293578,0.504587156,0.018348624,0.989002522,0
206,0.367207496,0.32648713,0.040720366,0.97301727,0,0.94880739,0.903690962,0.045116429,0.19520177,0,0.577981651,0.495412844,0.082568807,0.495744598,0
207,0.337494708,0.374061928,-0.03656722,0.988031355,0,0.933592423,0.854315324,0.079277098,0.016242857,1,0.47706422,0.486238532,-0.009174312,0.989002522,0
208,0.415607546,0.316518277,0.099089269,0.859343887,0,0.910959635,0.820920404,0.09003923,0,1,0.376146789,0.23853211,0.137614679,0.151954206,0
209,0.377404567,0.412142776,-0.034738209,0.97483554,0,0.91879035,0.875562776,0.043227574,0.323395848,0,0.403669725,0.440366972,-0.036697248,0.880513953,0
210,0.297756332,0.338081344,-0.040325012,0.976590104,0,0.935131848,0.88479018,0.050341668,0.22832439,0,0.495412844,0.541284404,-0.04587156,0.846794286,0
211,0.372692764,0.354699863,0.017992901,0.989002522,0,0.877973157,0.837251529,0.040721628,0.482344225,0,0.321100917,0.321100917,0,1,0
212,0.29944126,0.453281927,-0.153840667,0.628662937,0,0.898841526,0.884025654,0.014815872,0.914052587,0,0.431192661,0.376146789,0.055045872,0.799238342,0
213,0.341176668,0.324829175,0.016347493,0.989002522,0,0.878914917,0.850620116,0.028294802,0.740687654,0,0.321100917,0.385321101,-0.064220183,0.750153516,0
214,0.362394337,0.311196206,0.051198131,0.978002755,0,0.886926097,0.869074924,0.017851173,0.859343887,0,0.348623853,0.403669725,-0.055045872,0.846794286,0
215,0.383404394,0.350297981,0.033106413,0.988031355,0,0.904476724,0.874487967,0.029988757,0.616917703,0,0.376146789,0.422018349,-0.04587156,0.846794286,0
216,0.293834349,0.391894871,-0.098060522,0.93234,0,0.697215851,0.705015788,-0.007799937,0.989002522,0,0.073394495,0.091743119,-0.018348624,0.95294041,0
217,0.320225485,0.366870241,-0.046644756,0.971109836,0,0.854444018,0.825631507,0.028812511,0.719699366,0,0.220183486,0.321100917,-0.100917431,0.342256271,0
218,0.352100556,0.402972475,-0.050871919,0.960550472,0,0.926619304,0.869605844,0.057013459,0.154420465,0,0.467889908,0.449541284,0.018348624,0.989002522,0
219,0.311528234,0.303287029,0.008241205,1,0,0.805310207,0.75853388,0.046776327,0.434876737,0,0.128440367,0.137614679,-0.009174312,0.989002522,0
220,0.255509807,0.321906574,-0.066396767,0.95294041,0,0.753413552,0.73913736,0.014276192,0.927633065,0,0.110091743,0.100917431,0.009174312,0.989002522,0
221,0.284238315,0.384145281,-0.099906966,0.880513953,0,0.758341867,0.753005012,0.005336855,0.989002522,0,0.091743119,0.137614679,-0.04587156,0.706980769,0
222,0.339922619,0.259013332,0.080909287,0.923522449,0,0.873175883,0.798707117,0.074468766,0.068083832,0,0.247706422,0.266055046,-0.018348624,0.989002522,0
223,0.288384611,0.381110406,-0.092725795,0.866787037,0,0.902180406,0.876911315,0.025269091,0.712681277,0,0.449541284,0.366972477,0.082568807,0.550826425,0
224,0.362565283,0.344380374,0.018184909,0.989002522,0,0.929638164,0.906727829,0.022910335,0.628662937,0,0.47706422,0.532110092,-0.055045872,0.758291538,0
225,0.316569549,0.280547549,0.036022,0.989002522,0,0.917456051,0.869879672,0.047576378,0.306949823,0,0.403669725,0.449541284,-0.04587156,0.839688595,0
226,0.34757009,0.317314677,0.030255413,0.988031355,0,0.897978253,0.880098993,0.01787926,0.844521711,0,0.458715596,0.412844037,0.04587156,0.873078182,0
227,0.310922914,0.3368459,-0.025922986,0.989002522,0,0.876985644,0.852385219,0.024600425,0.7210475,0,0.293577982,0.348623853,-0.055045872,0.775686667,0
228,0.408270079,0.379794887,0.028475192,0.989002522,0,0.927635491,0.885703364,0.041932127,0.303747292,0,0.504587156,0.440366972,0.064220183,0.750153516,0
229,0.312007396,0.289959859,0.022047537,0.989002522,0,0.880888377,0.833632019,0.047256358,0.303747292,0,0.229357798,0.321100917,-0.091743119,0.36265098,0
230,0.415564152,0.43566134,-0.020097188,0.989002522,0,0.952658303,0.881530326,0.071127977,0.006822,1,0.633027523,0.495412844,0.137614679,0.196750435,0
231,0.3281084,0.35850583,-0.03039743,0.989002522,0,0.743631592,0.736260454,0.007371138,0.989002522,0,0.064220183,0.073394495,-0.009174312,0.989002522,0
232,0.293275899,0.331643841,-0.038367942,0.989002522,0,0.805918245,0.783719491,0.022198754,0.830487731,0,0.165137615,0.19266055,-0.027522936,0.932280315,0
233,0.245621332,0.374178666,-0.128557334,0.77426306,0,0.718296638,0.748555895,-0.030259258,0.706980769,0,0.036697248,0.128440367,-0.091743119,0.09854,0
234,0.362679494,0.302369012,0.060310482,0.932280315,0,0.76698242,0.748439093,0.018543327,0.860134272,0,0.110091743,0.155963303,-0.04587156,0.713033898,0
235,0.243481733,0.380268351,-0.136786618,0.830487731,0,0.774342891,0.782471412,-0.00812852,0.975881336,0,0.082568807,0.137614679,-0.055045872,0.627347073,0
236,0.3687,0.355587149,0.013112851,0.996457198,0,0.8819763,0.827327616,0.054648684,0.151954206,0,0.23853211,0.256880734,-0.018348624,0.989002522,0
237,0.344031861,0.396691496,-0.052659635,0.989002522,0,0.854846245,0.820255163,0.034591082,0.60676707,0,0.321100917,0.28440367,0.036697248,0.913421849,0
238,0.409260803,0.347192347,0.062068457,0.945254074,0,0.835287122,0.802327557,0.032959565,0.641668056,0,0.220183486,0.201834862,0.018348624,0.989002522,0
239,0.284300605,0.372100125,-0.08779952,0.886166909,0,0.812926694,0.81015333,0.002773364,0.998912488,0,0.19266055,0.266055046,-0.073394495,0.433373252,0
240,0.289437896,0.349302828,-0.059864933,0.932280315,0,0.856908175,0.860940434,-0.004032258,0.989002522,0,0.302752294,0.403669725,-0.100917431,0.365017476,0
241,0.251795908,0.356677517,-0.10488161,0.750153516,0,0.816308244,0.799269453,0.017038791,0.880513953,0,0.155963303,0.28440367,-0.128440367,0.121905155,0
242,0.369742794,0.357998287,0.011744507,0.991832401,0,0.920648573,0.910762827,0.009885746,0.944954478,0,0.486238532,0.614678899,-0.128440367,0.325080412,0
243,0.432714325,0.336714131,0.096000195,0.736119588,0,0.96472562,0.928824754,0.035900866,0.258734646,0,0.706422018,0.697247706,0.009174312,0.989002522,0
244,0.399432128,0.416034334,-0.016602206,0.989002522,0,0.925341913,0.902172528,0.023169385,0.691737748,0,0.47706422,0.449541284,0.027522936,0.945254074,0
245,0.341440816,0.326677222,0.014763594,0.989002522,0,0.749607119,0.739933741,0.009673378,0.97130386,0,0.119266055,0.110091743,0.009174312,0.989002522,0
246,0.442287455,0.381671868,0.060615587,0.880513953,0,0.902342423,0.903748507,-0.001406084,1,0,0.449541284,0.394495413,0.055045872,0.788044364,0
247,0.443489047,0.400616341,0.042872706,0.93234,0,0.965914883,0.942235814,0.023679069,0.5318128,0,0.770642202,0.706422018,0.064220183,0.657328125,0
248,0.418747731,0.397971294,0.020776437,0.989002522,0,0.955912334,0.92469419,0.031218145,0.482344225,0,0.752293578,0.614678899,0.137614679,0.136214851,0
249,0.390471479,0.399953527,-0.009482048,0.991112464,0,0.96466191,0.946759259,0.01790265,0.748428513,0,0.816513761,0.688073394,0.128440367,0.131892,0
250,0.46229699,0.348247349,0.114049641,0.7210475,0,0.963111621,0.921774125,0.041337496,0.196750435,0,0.752293578,0.614678899,0.137614679,0.124778462,0
251,0.46223011,0.373168646,0.089061464,0.788044364,0,0.942065919,0.946079681,-0.004013761,0.989002522,0,0.688073394,0.733944954,-0.04587156,0.845585597,0
252,0.389271271,0.383725453,0.005545818,1,0,0.935503738,0.907938328,0.027565409,0.626018824,0,0.587155963,0.541284404,0.04587156,0.866168012,0
253,0.474862031,0.413745028,0.061117002,0.833291275,0,0.976766905,0.938126487,0.038640418,0.105533702,0,0.76146789,0.669724771,0.091743119,0.354893115,0
254,0.520043162,0.43439951,0.085643652,0.750153516,0,0.966700646,0.940090894,0.026609752,0.482344225,0,0.669724771,0.642201835,0.027522936,0.941922264,0
255,0.361438456,0.419184012,-0.057745556,0.982711442,0,0.965851172,0.941062895,0.024788278,0.566226,0,0.798165138,0.633027523,0.165137615,0.023582222,1
256,0.486475406,0.353161255,0.133314151,0.564138107,0,0.957313965,0.913205063,0.044108902,0.184378378,0,0.651376147,0.550458716,0.100917431,0.32215,0
257,0.32870831,0.364876901,-0.036168591,0.978002755,0,0.922294427,0.906319338,0.01597509,0.874509531,0,0.623853211,0.596330275,0.027522936,0.945254074,0
258,0.389135158,0.381043157,0.008092001,1,0,0.952471967,0.915706605,0.036765362,0.303747292,0,0.596330275,0.568807339,0.027522936,0.945254074,0
259,0.494194335,0.428458305,0.065736029,0.920264276,0,0.965277778,0.892509769,0.072768009,0.008662857,1,0.596330275,0.449541284,0.146788991,0.198975,0
260,0.477441796,0.364364425,0.11307737,0.54230733,0,0.951208376,0.864094886,0.08711349,0,1,0.541284404,0.321100917,0.220183486,0.010061947,1
261,0.470612252,0.452636416,0.017975836,0.989002522,0,0.965033554,0.937245158,0.027788396,0.482344225,0,0.733944954,0.577981651,0.155963303,0.032028169,1
262,0.474251033,0.401410893,0.07284014,0.799238342,0,0.970141013,0.94300034,0.027140673,0.426983486,0,0.706422018,0.651376147,0.055045872,0.77426306,0
263,0.397124818,0.448514161,-0.051389344,0.941045839,0,0.952807646,0.940536867,0.012270779,0.880513953,0,0.697247706,0.642201835,0.055045872,0.775686667,0
264,0.37266425,0.349298847,0.023365402,0.989002522,0,0.953448862,0.931957187,0.021491675,0.712681277,0,0.660550459,0.71559633,-0.055045872,0.82662973,0
265,0.415918706,0.45117979,-0.035261084,0.922043228,0,0.939889144,0.932169555,0.007719589,0.95294041,0,0.633027523,0.642201835,-0.009174312,0.989002522,0
266,0.391556633,0.377125763,0.01443087,0.989002522,0,0.945782365,0.94937139,-0.003589025,0.989002522,0,0.669724771,0.633027523,0.036697248,0.919706667,0
267,0.417285372,0.357640786,0.059644586,0.927633065,0,0.96297363,0.939432552,0.023541078,0.647573182,0,0.697247706,0.660550459,0.036697248,0.878777711,0
268,0.259713887,0.252384554,0.007329333,1,0,0.731598822,0.698977623,0.032621199,0.410878505,0,0.073394495,0.036697248,0.036697248,0.706980769,0
269,0.416392529,0.356555978,0.059836551,0.895367283,0,0.887678389,0.849133537,0.038544852,0.344941216,0,0.275229358,0.229357798,0.04587156,0.810014483,0
270,0.389849127,0.325565613,0.064283514,0.853199052,0,0.769336137,0.712941628,0.056394508,0.066152727,0,0.091743119,0.091743119,0,1,0
271,0.416960084,0.409923468,0.007036616,1,0,0.902278712,0.871799795,0.030478917,0.482344225,0,0.366972477,0.348623853,0.018348624,0.989002522,0
272,0.384897445,0.380264627,0.004632818,1,0,0.859295362,0.853611964,0.005683397,0.988872402,0,0.23853211,0.201834862,0.036697248,0.845585597,0
273,0.233818446,0.299621361,-0.065802915,0.935127484,0,0.499458461,0.494935015,0.004523445,0.922958197,0,0,0,0,1,0
274,0.256847568,0.329147174,-0.072299606,0.890622734,0,0.845963475,0.829471753,0.016491722,0.857674016,0,0.201834862,0.293577982,-0.091743119,0.303747292,0
275,0.473684367,0.44443933,0.029245037,0.988031355,0,0.953799269,0.888251784,0.065547486,0.004787368,1,0.568807339,0.357798165,0.211009174,0.002584091,1
276,0.368107484,0.367928848,0.000178636,1,0,0.933137054,0.886425416,0.046711638,0.20514383,0,0.532110092,0.495412844,0.036697248,0.932280315,0
277,0.444259568,0.411006044,0.033253524,0.941922264,0,0.958481991,0.906727829,0.051754162,0.081495954,0,0.660550459,0.559633028,0.100917431,0.377789137,0
278,0.518718602,0.433586369,0.085132233,0.869204288,0,0.958333333,0.927263846,0.031069487,0.342256271,0,0.550458716,0.541284404,0.009174312,0.989002522,0
279,0.216216191,0.316519262,-0.100303071,0.821599315,0,0.833781362,0.805608892,0.02817247,0.735401242,0,0.174311927,0.266055046,-0.091743119,0.367057235,0
280,0.302823408,0.336990418,-0.03416701,0.989002522,0,0.830837174,0.791868417,0.038968757,0.458105233,0,0.146788991,0.220183486,-0.073394495,0.437880357,0
281,0.401112052,0.343542344,0.057569708,0.948246798,0,0.78666368,0.75760582,0.02905786,0.750153516,0,0.110091743,0.110091743,0,1,0
282,0.290513436,0.381277109,-0.090763673,0.906388136,0,0.714136371,0.715683137,-0.001546766,1,0,0.04587156,0.04587156,0,1,0
283,0.305726284,0.256860185,0.048866099,0.960550472,0,0.739545998,0.717389913,0.022156085,0.846794286,0,0.036697248,0.036697248,0,1,0
284,0.336683044,0.356585698,-0.019902653,0.989002522,0,0.834389401,0.776142542,0.058246859,0.196750435,0,0.19266055,0.091743119,0.100917431,0.205048718,0
285,0.390259419,0.331426438,0.05883298,0.94456275,0,0.868979358,0.819401971,0.049577387,0.294586364,0,0.293577982,0.247706422,0.04587156,0.846794286,0
286,0.248133963,0.420248388,-0.172114425,0.797118214,0,0.730830773,0.766715736,-0.035884963,0.489100559,0,0.082568807,0.119266055,-0.036697248,0.756685549,0
287,0.166929431,0.278269937,-0.111340506,0.799238342,0,0.727097201,0.653769841,0.07332736,0.020672727,1,0.04587156,0.018348624,0.027522936,0.635133488,0
288,0.368848956,0.329537164,0.039311792,0.960550472,0,0.901630989,0.874850657,0.026780332,0.730793776,0,0.339449541,0.412844037,-0.073394495,0.705333766,0
289,0.259101105,0.292562368,-0.033461263,0.975881336,0,0.817823007,0.835828661,-0.018005654,0.869142331,0,0.302752294,0.256880734,0.04587156,0.798285315,0
290,0.266566327,0.327512235,-0.060945908,0.95294041,0,0.595195426,0.63140041,-0.036204984,0.205048718,0,0,0,0,1,0
291,0.295009637,0.365949477,-0.07093984,0.941922264,0,0.903151135,0.870880054,0.032271081,0.579194554,0,0.403669725,0.412844037,-0.009174312,0.989002522,0
292,0.351141742,0.378496945,-0.027355203,0.989002522,0,0.688404393,0.695166497,-0.006762104,0.988031355,0,0.04587156,0.055045872,-0.009174312,0.945254074,0
293,0.304715917,0.320478657,-0.01576274,1,0,0.810750555,0.815589959,-0.004839405,0.989002522,0,0.146788991,0.229357798,-0.082568807,0.434876737,0
294,0.327714603,0.445587401,-0.117872798,0.846794286,0,0.772796126,0.786856524,-0.014060398,0.932280315,0,0.119266055,0.155963303,-0.036697248,0.839688595,0
295,0.323821742,0.375475655,-0.051653914,0.944954478,0,0.788519799,0.762232416,0.026287383,0.750153516,0,0.146788991,0.100917431,0.04587156,0.650745578,0
296,0.33283603,0.421792681,-0.088956651,0.89540766,0,0.863574584,0.852918587,0.010655997,0.95294041,0,0.321100917,0.266055046,0.055045872,0.798285315,0
297,0.316866681,0.38371038,-0.066843698,0.934016818,0,0.934630483,0.881211774,0.053418709,0.093259551,0,0.440366972,0.357798165,0.082568807,0.621308531,0
298,0.304772417,0.356107406,-0.051334989,0.960550472,0,0.641150612,0.668917771,-0.027767159,0.56420403,0,0.027522936,0.04587156,-0.018348624,0.750153516,0
299,0.35961292,0.413132669,-0.053519749,0.94456275,0,0.702270217,0.721616972,-0.019346755,0.790348644,0,0.036697248,0.055045872,-0.018348624,0.816056799,0
300,0.291631505,0.418862115,-0.12723061,0.873078182,0,0.671776327,0.700751784,-0.028975457,0.532007427,0,0.009174312,0.082568807,-0.073394495,0.043964,-1
301,0.29345855,0.389038363,-0.095579813,0.873078182,0,0.78931985,0.791082654,-0.001762804,1,0,0.128440367,0.146788991,-0.018348624,0.960550472,0
302,0.342650367,0.478470729,-0.135820362,0.932280315,0,0.72943335,0.680990911,0.04844244,0.111836066,0,0.055045872,0.04587156,0.009174312,0.941922264,0
303,0.2271488,0.410320113,-0.183171313,0.748234356,0,0.838773682,0.713048302,0.12572538,0,1,0.155963303,0.082568807,0.073394495,0.366774194,0
304,0.283924531,0.295179448,-0.011254917,1,0,0.785138249,0.716461854,0.068676395,0.117290526,0,0.110091743,0.073394495,0.036697248,0.778343382,0
305,0.281243609,0.389477357,-0.108233748,0.846794286,0,0.898638846,0.771916412,0.126722434,0,1,0.302752294,0.073394495,0.229357798,0,1
306,0.375329628,0.369963846,0.005365782,1,0,0.836890503,0.800702939,0.036187564,0.487922689,0,0.165137615,0.146788991,0.018348624,0.982887771,0
307,0.326287969,0.325526016,0.000761953,1,0,0.882232463,0.806617397,0.075615066,0.016242857,1,0.256880734,0.220183486,0.036697248,0.927447361,0
308,0.222954088,0.395189034,-0.172234945,0.798285315,0,0.913135774,0.806078256,0.107057518,0,1,0.366972477,0.110091743,0.256880734,0,1
309,0.317433626,0.396307445,-0.078873818,0.927633065,0,0.952988991,0.855918705,0.097070286,0,1,0.559633028,0.330275229,0.229357798,0.004787368,1
310,0.399002004,0.395034126,0.003967878,1,0,0.929147465,0.900921659,0.028225806,0.532007427,0,0.486238532,0.467889908,0.018348624,0.988031355,0
311,0.223431125,0.425695495,-0.20226437,0.7210475,0,0.815060164,0.776604369,0.038455795,0.354893115,0,0.211009174,0.183486239,0.027522936,0.907364326,0
312,0.238293778,0.439475609,-0.20118183,0.564115681,0,0.833194658,0.808681089,0.024513569,0.695664474,0,0.128440367,0.220183486,-0.091743119,0.242801594,0
313,0.385767151,0.452858967,-0.067091815,0.904124363,0,0.890587836,0.873715172,0.016872664,0.821749744,0,0.247706422,0.311926606,-0.064220183,0.750153516,0
314,0.354292022,0.418033067,-0.063741045,0.941922264,0,0.667914747,0.650866463,0.017048284,0.756685549,0,0.018348624,0.04587156,-0.027522936,0.64697631,0
315,0.441547709,0.408418613,0.033129096,0.989002522,0,0.830719833,0.712792285,0.117927547,0,1,0.137614679,0.064220183,0.073394495,0.303747292,0
316,0.433237098,0.412494753,0.020742345,0.989002522,0,0.906175671,0.835008107,0.071167564,0.006822,1,0.266055046,0.165137615,0.100917431,0.287748462,0
317,0.460886139,0.485706311,-0.024820173,0.989002522,0,0.935609922,0.906069487,0.029540435,0.349438,0,0.348623853,0.422018349,-0.073394495,0.60676707,0
318,0.337324479,0.332832806,0.004491673,1,0,0.926811316,0.816148233,0.110663082,0,1,0.422018349,0.23853211,0.183486239,0.019241538,1
319,0.339309644,0.340707977,-0.001398333,1,0,0.951399556,0.853558628,0.097840928,0,1,0.504587156,0.302752294,0.201834862,0.011762069,1
320,0.431577608,0.335277031,0.096300578,0.82662973,0,0.945383171,0.867564857,0.077818314,0.002584091,1,0.47706422,0.412844037,0.064220183,0.705333766,0
321,0.282285113,0.33174002,-0.049454907,0.95294041,0,0.939836052,0.864492661,0.075343391,0.011762069,1,0.486238532,0.311926606,0.174311927,0.023582222,1
322,0.404810162,0.401166918,0.003643244,1,0,0.939135236,0.875817618,0.063317618,0.046947097,1,0.568807339,0.458715596,0.110091743,0.354893115,0
323,0.341488,0.446755909,-0.105267908,0.778343382,0,0.953937309,0.914458036,0.039479273,0.233818548,0,0.669724771,0.568807339,0.100917431,0.393825237,0
324,0.394272566,0.459817455,-0.065544888,0.887942857,0,0.95084735,0.913523615,0.037323734,0.213246473,0,0.559633028,0.495412844,0.064220183,0.775686667,0
325,0.381721731,0.49334939,-0.11162766,0.750153516,0,0.954298335,0.91067788,0.043620455,0.190005333,0,0.779816514,0.587155963,0.19266055,0.006822,1
326,0.417930379,0.504928731,-0.086998352,0.821599315,0,0.957037887,0.893943255,0.063094631,0.037380822,1,0.688073394,0.495412844,0.19266055,0.017765625,1
327,0.411462605,0.395427761,0.016034844,0.989002522,0,0.897309293,0.854240996,0.043068298,0.32215,0,0.266055046,0.321100917,-0.055045872,0.790348644,0
328,0.372316178,0.377067856,-0.004751678,1,0,0.942448182,0.924453832,0.01799435,0.763444991,0,0.513761468,0.596330275,-0.082568807,0.583306143,0
329,0.325808929,0.406804623,-0.080995694,0.788044364,0,0.932509344,0.92281473,0.009694614,0.932280315,0,0.541284404,0.587155963,-0.04587156,0.880513953,0
330,0.396044404,0.420455436,-0.024411032,0.989002522,0,0.953895716,0.914139484,0.039756232,0.265447471,0,0.660550459,0.532110092,0.128440367,0.209246218,0
331,0.369748785,0.46307443,-0.093325645,0.833419095,0,0.949810121,0.914585457,0.035224664,0.306949823,0,0.614678899,0.559633028,0.055045872,0.846794286,0
332,0.323190706,0.276119786,0.04707092,0.971109836,0,0.870093019,0.820361836,0.049731183,0.27744556,0,0.302752294,0.293577982,0.009174312,0.989002522,0
333,0.440831993,0.400028792,0.040803201,0.988031355,0,0.860385731,0.781409276,0.078976455,0.033394406,1,0.174311927,0.165137615,0.009174312,0.989002522,0
334,0.449131457,0.326445742,0.122685715,0.750153516,0,0.880818892,0.737615207,0.143203685,0,1,0.321100917,0.082568807,0.23853211,0,1
335,0.350155778,0.341751245,0.008404534,1,0,0.873542524,0.81437946,0.059163064,0.125302041,0,0.23853211,0.165137615,0.073394495,0.518545553,0
336,0.36404183,0.348572592,0.015469238,0.993643888,0,0.908363065,0.783698157,0.124664908,0,1,0.422018349,0.155963303,0.266055046,0,1
337,0.397319759,0.308233095,0.089086664,0.921486107,0,0.921979007,0.810942567,0.11103644,0,1,0.376146789,0.229357798,0.146788991,0.120180311,0
338,0.304248527,0.346909707,-0.04266118,0.97301727,0,0.94578853,0.852982591,0.09280594,0,1,0.577981651,0.376146789,0.201834862,0.008662857,1
339,0.30057141,0.276329241,0.024242169,0.989002522,0,0.943711774,0.81833504,0.125376734,0,1,0.486238532,0.293577982,0.19266055,0.061384049,0
340,0.410081352,0.393406822,0.016674529,0.989002522,0,0.86567703,0.783154122,0.082522908,0.013265,1,0.256880734,0.137614679,0.119266055,0.260266406,0
341,0.336844185,0.418186006,-0.081341821,0.887942857,0,0.928187404,0.891819572,0.036367832,0.414794444,0,0.394495413,0.394495413,0,1,0
342,0.42729677,0.468725986,-0.041429216,0.960550472,0,0.913056405,0.898987003,0.014069402,0.90704135,0,0.366972477,0.422018349,-0.055045872,0.846794286,0
343,0.405756065,0.375370788,0.030385276,0.989002522,0,0.925648575,0.789861536,0.135787039,0,1,0.486238532,0.201834862,0.28440367,0,1
344,0.248437367,0.295509654,-0.047072286,0.963577438,0,0.512011435,0.50213263,0.009878805,0.93234,0,0,0.009174312,-0.009174312,0.169497222,0
345,0.205124407,0.288135943,-0.083011537,0.869142331,0,0.541399983,0.571908602,-0.030508619,0.550485195,0,0.009174312,0.018348624,-0.009174312,0.467287283,0
346,0.276578857,0.380867389,-0.104288532,0.797118214,0,0.531069487,0.506869773,0.024199714,0.566226,0,0,0.018348624,-0.018348624,0.299481509,0
347,0.340576666,0.308925939,0.031650728,0.989002522,0,0.728483956,0.748357228,-0.019873272,0.798285315,0,0.082568807,0.091743119,-0.009174312,0.989002522,0
348,0.223515384,0.37668503,-0.153169646,0.748428513,0,0.690508193,0.734497112,-0.043988919,0.510565668,0,0.027522936,0.04587156,-0.018348624,0.887942857,0
349,0.440887268,0.427298519,0.013588749,0.997162069,0,0.956422018,0.92174227,0.034679749,0.303747292,0,0.642201835,0.541284404,0.100917431,0.411014907,0
350,0.322021986,0.38376785,-0.061745864,0.895367283,0,0.945527523,0.9321377,0.013389823,0.880513953,0,0.596330275,0.577981651,0.018348624,0.989002522,0
351,0.391857607,0.446362077,-0.05450447,0.846794286,0,0.932902226,0.928134557,0.004767669,0.989002522,0,0.559633028,0.504587156,0.055045872,0.839456716,0
352,0.286522456,0.404404838,-0.117882382,0.873078182,0,0.74740655,0.680203533,0.067203017,0.034502069,1,0.082568807,0.055045872,0.027522936,0.799238342,0
353,0.290349393,0.320774321,-0.030424929,0.989002522,0,0.731534818,0.728622632,0.002912186,0.998912488,0,0.055045872,0.055045872,0,1,0
354,0.291549769,0.325536002,-0.033986233,0.988031355,0,0.720682552,0.711085509,0.009597042,0.978887973,0,0.018348624,0.082568807,-0.064220183,0.258734646,0
355,0.274028759,0.367108582,-0.093079823,0.880513953,0,0.883165562,0.731980547,0.151185015,0,1,0.256880734,0.082568807,0.174311927,0.016242857,1
356,0.146807112,0.363214303,-0.216407191,0.500530579,0,0.824255419,0.793461179,0.03079424,0.644213272,0,0.211009174,0.183486239,0.027522936,0.92056281,0
357,0.359778309,0.355211683,0.004566626,1,0,0.735866888,0.737729338,-0.001862451,1,0,0.064220183,0.119266055,-0.055045872,0.437880357,0
358,0.258917842,0.355910062,-0.09699222,0.932280315,0,0.714531063,0.692236303,0.02229476,0.706980769,0,0.018348624,0.027522936,-0.009174312,0.880513953,0
359,0.330696514,0.389324288,-0.058627774,0.932280315,0,0.882947175,0.897691556,-0.014744381,0.880513953,0,0.339449541,0.495412844,-0.155963303,0.137108824,0
360,0.357512867,0.359950972,-0.002438106,1,0,0.865292712,0.855812521,0.009480191,0.95294041,0,0.311926606,0.366972477,-0.055045872,0.7210475,0
361,0.387885679,0.291393822,0.096491856,0.839456716,0,0.579389575,0.554424817,0.024964758,0.448762832,0,0,0,0,1,0
362,0.253330894,0.313664214,-0.06033332,0.941922264,0,0.561155914,0.543546126,0.017609788,0.57970197,0,0,0.009174312,-0.009174312,0,-1
363,0.240825167,0.395127889,-0.154302722,0.750153516,0,0.591547192,0.580084098,0.011463094,0.778343382,0,0,0.009174312,-0.009174312,0.644213272,0
364,0.25114615,0.366340504,-0.115194354,0.866787037,0,0.597574245,0.59217464,0.005399605,0.95294041,0,0.009174312,0,0.009174312,0.300920301,0
365,0.353921358,0.353297842,0.000623516,1,0,0.693159616,0.679493714,0.013665902,0.865324299,0,0.036697248,0.027522936,0.009174312,0.941922264,0
366,0.353095048,0.370299446,-0.017204398,0.989002522,0,0.70198352,0.696430088,0.005553432,0.985919178,0,0.064220183,0.027522936,0.036697248,0.464686957,0
367,0.888732941,0.887506889,0.001226053,1,0,0.506699095,0.50849121,-0.001792115,1,0,0,0,0,1,0
368,0.401527725,0.351183732,0.050343993,0.960550472,0,0.72847647,0.694168366,0.034308104,0.32215,0,0.036697248,0.082568807,-0.04587156,0.500903014,0
369,0.273029221,0.31815572,-0.045126499,0.988031355,0,0.562243984,0.557562436,0.004681547,0.941922264,0,0,0,0,1,0
370,0.31587227,0.303794215,0.012078055,1,0,0.566916283,0.563094631,0.003821651,0.960550472,0,0,0,0,1,0
371,0.291289915,0.396717073,-0.105427158,0.880513953,0,0.65074966,0.671657322,-0.020907662,0.495744598,0,0,0.027522936,-0.027522936,0.216262041,0
372,0.306213136,0.407958404,-0.101745268,0.880513953,0,0.679190135,0.689676139,-0.010486004,0.878731222,0,0.009174312,0.036697248,-0.027522936,0.216123967,0
373,0.238973785,0.303253973,-0.064280188,0.941922264,0,0.522687329,0.525740314,-0.003052986,0.989002522,0,0,0.009174312,-0.009174312,0,-1
374,0.234361359,0.313610144,-0.079248784,0.93234,0,0.525409626,0.533580816,-0.00817119,0.82662973,0,0,0,0,1,0
375,0.238034793,0.332055448,-0.094020654,0.846794286,0,0.60443335,0.590787462,0.013645889,0.799238342,0,0.009174312,0,0.009174312,0.655627416,0
376,0.252996321,0.303339458,-0.050343136,0.960550472,0,0.611537805,0.605596091,0.005941714,0.960550472,0,0,0.009174312,-0.009174312,0.501398361,0
377,0.843578856,0.857382391,-0.013803535,0.989002522,0,0.523617512,0.518710531,0.004906981,0.8953875,0,0,0,0,1,0
378,0.835620667,0.866748162,-0.031127495,0.923522449,0,0.533730159,0.523233487,0.010496672,0.77426306,0,0,0,0,1,0
379,0.87013243,0.85609382,0.01403861,0.989002522,0,0.505664363,0.502208141,0.003456221,0.880513953,0,0,,,1,0